Submission id,Participant id,Started at,Completed at,Time taken,Age,Total approvals,Sex,Country of residence,Student status,Employment status
c4ab54135f26292de9faf6a1043ba0817e8c2fb29cd0500caaca3c58dc4ba08a,ebab12e9878344fdc93a8c1cad27ff2f709e12b90f0496de3332f508f3b2b9c9,2025,2025,188.0,36.0,700+,Male,United States,Yes,Part-Time
91d238c88316a444585278049cc9bdedb871414ebdb0dd9b967e3908efc5497a,b6954799ca47bc836ac02ab86e4710c3b0e096d7ace449b81aaa1d5845431821,2025,2025,110.0,41.0,700+,Male,United States,No,Other
f3943bf594d541b81fbde88288600739a47ee97b0524c13d98e88925561b03fc,6ac07c3845b0ce5cac4ab3569ea70236b7cfa8fd51576e12226279a282182dcb,2025,2025,63.0,39.0,700+,Male,United States,No,Full-Time
0799215a062ddef149fa49bfe069e3ff2b4b79f08f5b015bdc6ab351aad1ef4a,c67b3266ecd4af12979c1f67d1efffd0d3e9bfbc567d211e5b7a0724b7890b7d,2025,2025,85.0,61.0,700+,Male,United Kingdom,No,Other
f49783f27606316e1e3a590e7403eab417b5612c2faeaf1a8196f7564e564d5e,1cefb8d34b92489e8ffd9cf34c469964f0527b1cae33e00a8a52f4aef0d66679,2025,2025,142.0,45.0,700+,Male,United States,No,Full-Time
314f713f08d6610f91c7fa17b5dd8a49a28f17d30d1b24da490729d3e94225d2,8b18183122f0ff05f1e8d91d221d64f2c42a93cbe76493b2b687865c2bd75615,2025,2025,131.0,42.0,100-199,Female,United States,No,Full-Time
042f3fc9c0e1eacdd50063e2e7be5ae758f53fe74cbdb1a36e0cc6e8db5a609d,e016f6176ab1858386b30c35d540459c50cb23634fe0ca1180801474966f44a1,2025,2025,114.0,48.0,500-599,Male,United States,No,Full-Time
fe6ea01da2eacd7250cbfdccbe79790e9ef86ee243e2f429f083d485c69bead5,dd906887a20ca90b810e521efb8f169ac1d5796fbef5c01a408dde0a0f914d24,2025,2025,262.0,27.0,400-499,Female,United States,No,Full-Time
64fb443b411ff367c32c707f3fe1616b875500fbc80129bc89854f4fe05dd1c7,be50e58a727d0044c244bd159ebad85fd6a362ac924a67e0024fe229b9217366,2025,2025,608.0,22.0,300-399,Female,United States,No,Part-Time
a17d650293726b3712dbbf17215346a7402b490b5d092793d361b0365bc826dc,16de84084b9fa11f26ac309c29d6fe7e89d68a8c268edea598e0a1a1f84baf39,2025,2025,209.0,64.0,100-199,Male,United States,No,Full-Time
ae10c3f9b42d02c862d223f8c9c27c7161722bd79b73e5894ef991063d6742eb,0f875094985719584b30014d70892ff6e6fec6010cf00e3f6818f1b1233ad913,2025,2025,145.0,40.0,0-99,Female,United States,No,Full-Time
b768151133b85a351b06725e8e4eb410643893d31997ee903507d521de7136aa,6b74f0ba4a90e5fb700c9806519f2192ae08ed9fb1b6c568540332fc0f32a96b,2025,2025,264.0,23.0,500-599,Female,United States,Yes,Part-Time
230714f8d4663ea2ebc93ac64533e449bd4da5a8f2f6be8bd89a449b80dbfb2f,0689a39664b0e2e55ae5b5447565c2e80567e5c4b0394474c5d04975810725c6,2025,2025,226.0,50.0,700+,Female,United States,No,Full-Time
af134e97938e00b394f2afe5550cd5c5bcfde03296ee7d17130d9b5f819e205c,2ff0a9ce8058a553d54c6b0e76fd5c463e5e760eb77d9fb88139f815753a6bbf,2025,2025,193.0,53.0,200-299,Male,United States,Yes,Full-Time
8645fbad171bb39b1910e7e601397c89a9537814359dd582fdf8e8db31e782e2,f5d1c0c3178473706df1d182e27fdf291021ebd0df189d4cec689a6f1f26acea,2025,2025,319.0,28.0,200-299,Male,United States,No,Full-Time
da420cea883c3713f8bf76a9533d6b6722403a57215cf4f86860c9420dd0eab0,a47747a0208a73e7154dfc7b57e72b5b53f385a5472a0f7a1cec5af03e3e839e,2025,2025,194.0,44.0,0-99,Female,United States,No,Full-Time
e6f089e1c613869df5dbd4abe9b0d7995e9c479622e12ff86c7f4da2e0b082da,11a8acd6b682cba72759531d67320de19d6f671131ec26dae4f8c459caf26c97,2025,2025,223.0,41.0,200-299,Female,United States,No,Full-Time
d4b0f247d4553d2bfd9f2c179561134e609a46edeb087d6444b481be7d2d74e9,653c90b7ddf25ea2f906f8b0191b3ad45defad3d7b12db0e62c5bdf01fd51dc2,2025,2025,221.0,51.0,200-299,Female,United States,No,Full-Time
2cae15263170c4ba43f24836a546d14da1ef8b12b5cbca492c8538472401ec80,2487c2a36a5e141bf0a00cffbaf2646423d7ac77e36ae3245bdc91a98630a910,2025,2025,259.0,27.0,100-199,Female,United States,Yes,Full-Time
757b72ac8e86da6dcb630710e1ad7973764267b98507ea909ee4405680d63e44,7e7086db3f5d1ba197d73f2b2c422e0a86e1a62847e442adc15dd9382d1cee45,2025,2025,406.0,48.0,100-199,Female,United States,No,Full-Time
1d6628b66b6103fb291d36143a78f9a0397b3a122244eb2b5d9bafeac97d6c74,dca86c6d5589b4485fe9684e4bc292b3edff6d73507e77fe4f6be803d1431290,2025,2025,254.0,47.0,700+,Female,United States,DATA_EXPIRED,Full-Time
b2215129e5556ff2bfa188313a75d8492019f1ded4c91443eb82b3b0dd352a02,0fdc6e687766a7396a68cc21eb12884503ee2d031b7e1ab775849c700747fb74,2025,2025,213.0,33.0,300-399,Female,United States,No,Full-Time
4d669488cfff4c92b658ad9456dbaac282dd9e44405b62a9048e3072685df706,7477b12f32a7d864e54bfa31199c969a4a9390eee9204c49de58fc02748839aa,2025,2025,235.0,37.0,200-299,Male,United States,No,Full-Time
1c7c61a063ef47590d03a222284ef46dcf11fe190cf39276bd65fc5dca785f0d,8ec2aa78954708560b4a0131051b6fa636a8043865e3ef2fe094bd5c09f71042,2025,2025,129.0,42.0,100-199,Male,United States,No,Full-Time
46d093cf1ef5592928ea6199a4e52bc01af7fff83540bad086afeb0b9fc20a2f,6eda5ee338b7e3ec883c9b0abc31cec1cb49eebd663ce53608737dd7e917e2bd,2025,2025,98.0,42.0,700+,Male,United States,No,Full-Time
25fc5f26fa1fa20341d25f752a8a80e7c0a93757545f04fd2e4bced71fca1355,506fb95b78aa3d050d5a1400de996c6ff4ee098b28a247b202c4e9603e0bb30f,2025,2025,104.0,30.0,300-399,Male,United States,No,Full-Time
fbd66de9b2d0670e12cea181c97fa0bec80b2a6456756941cbb63af44062e09e,8fd5d407c80b93e07e303f68d4e9a359915c598c244a3cb6afa0e9b5c331f2aa,2025,2025,79.0,35.0,700+,Female,United States,No,Other
364ef3eed7f7a5056778af0e84fb6e4bc98d5499095196790036d9f414b7e8ec,202bddf13b57e47519ccc7091a65a025daa8d15f20e211e2cc736632844f3b6c,2025,2025,638.0,56.0,300-399,Female,United States,No,Part-Time
2feea1c8c3977b21264fcd1266b378607da66090c73b7f3c1283de3c76f9b0f7,76d05dd5ad4b4e56b6bcf3332a5176a5e7d9447a037db50a9ae6cbeb2925abdb,2025,2025,127.0,34.0,700+,Male,United States,No,Full-Time
fea9542dca42476745040ed124c1c6696403771e101cd3f60068569d44373586,68e9369695b661f480a52f3a8817f34c706e69682e9555d10b612e51172ec07d,2025,2025,88.0,52.0,700+,Male,United States,No,Full-Time
a0675dd10e93dca90efd4772284bbf8379b1bcfe33dd495279c8a66ee895863d,ab64b1b40d24ffc3cc3a480914c5dd18bb53ebf76bdc0659dfc874fd9483ea32,2025,2025,252.0,27.0,200-299,Female,United States,No,Other
0030653af2de1fe23847eded8feb3ee615b56e6434fc510a1b160fa9a35de09f,a166139f5ff14c33998e1d4a3e23b9c2a4ca2d1b388195b0621022286f8f9592,2025,2025,237.0,63.0,700+,Male,United States,No,Part-Time
2ec6ad32d3dbecbbaab6a40be0cea25ff8bf70f9e1dfe2ba9854918db5ca4bf4,10411c7dda46b02f1668814bf8cd9b0170f92c9a06e017120a022e6bb09da73e,2025,2025,160.0,24.0,200-299,Male,United States,No,Full-Time
b5ee447916c6e86a0d40fb2f55eaad40ab43137efe45b7a7e9315ba575f55fe0,9c5b42df3203a81a70ea12998f2d28fee1d90d78f8eafd0013b83f48717c60e9,2025,2025,283.0,31.0,700+,Male,United States,No,Full-Time
9cb2bb0b86d205f6111ef7340aeca9158a77839c8df0c6d0ddaf477c9368359d,0c2d35c36faca185b01b0e0414f7b7c70ac67c86e6cc05853ddde494d5050954,2025,2025,116.0,33.0,700+,Male,United States,Yes,Other
12c614b250cbe7206a87303d91d2419651b3dd3c974859bfa4bcf0476f73ac7d,8312fd61bd323a93df5b3fe6d112f157b7f2a8a5ebaa37269f811eb4f3a73a75,2025,2025,190.0,37.0,700+,Female,United States,No,Full-Time
5da89a1049f89c9ade40dcfbff4ce4173a4955cc5de735a52b4cc84e4dbf859d,fed6f5638289a28859c9481746f14a0b397c7a7ec7233e1d48a7aecb3533a38f,2025,2025,176.0,32.0,700+,Male,United States,No,Full-Time
1760b3d50f930fb7aa7392a4a412ee778b6b1c465b149fcc10a246cc79436088,ca7c0b1f54ed53340b4a2e3adc2e5cb5284bd9541ec49cfd4ed9c42418fdc077,2025,2025,87.0,26.0,0-99,Female,United States,No,Full-Time
9380ccc8502a2725e1a3e8212cbadabf74427195a906466c5409c77115b03c42,f4d8d11bda5a57d0186b810457f3f45a8cd9dbb3cb71f927f4f154f0d5632d1a,2025,2025,291.0,47.0,100-199,Female,United States,No,Full-Time
e30b1a0ded626eeaa5b9c0c2ec0a1ca6a91d0d1623c59ec718ded9550406a2ee,137ea28d8a52bd0c74770beb8bbc58d714e271ac863185ae0fb5848cbdd8d4b7,2025,2025,115.0,36.0,700+,Female,United States,Yes,Other
7dc65a5159015413256b5a4e6c2279b7a3c34808edfbd8d1ddcbedf4dca18ded,d2af37fe6b096a9432f93581a6efd91214c2a8c619c9ec97e02e964e966643c3,2025,2025,116.0,38.0,700+,Female,United States,No,Full-Time
0544e6795269da8e0e240c86e91e0e5def79b212e012bd7327caf430ea9aaf0c,a02b9c2e010005cf6f3bdc53d5bddee7b7f0a9919a6afb453530f47632e57737,2025,2025,174.0,36.0,700+,Female,United States,No,Other
a7162c32da7789433c35c321502b63ba3a50cbc8807bfc1912491799942ea908,be2320c1076e2b66cb5cad7a6f8b704b80d4a32b864889e7791a0b35dda0dde0,2025,2025,127.0,34.0,500-599,Female,United States,No,Full-Time
339f637c51490c788e4cf573b87d9d6b179f48b5efd2d48a34fb4bb445b8442d,433b85694c3c4bfb19942e0aadb6062c270ac97349ed36194679af66e02d188a,2025,2025,282.0,25.0,600-699,Male,United States,No,Part-Time
d5e1205aabb678861594c3328f7050abb01470475248c6caf25de3435cc9ead1,3b1a89a349b24f06bb8d663b74181ba84b2f105ab758867712a62442f317df06,2025,2025,396.0,40.0,100-199,Female,United States,No,Full-Time
80f314e8ba7f738ebedfbf5fe55cbd5bf318ded87f1eef6f7e1d526b3be500a1,1c934bb5c05cb1694da7159da41e9d326792edfca3556cf1b0018a21c08ff678,2025,2025,289.0,47.0,200-299,Female,United States,No,Full-Time
43d6b20a722a0547fcca9a8f177030aa4d8488d58ccab10beaa2d7378048b2e2,22745e62dc7a649ee1d49a05a53f2f366e7ce0551afb51340496bd088d3a57bb,2025,2025,464.0,66.0,700+,Male,United States,No,Part-Time
68f926955a0ab32cd482d846485321d47448eadca9dfcd046d864098144e105a,39c71c1496e7a0223fa78a11a39fb94c9bd542b60b9835bad6c71e04d8c985f5,2025,2025,154.0,28.0,100-199,Female,United States,No,Part-Time
95a39f40b743a97a05071db8763aa35bd7aea0666a68135fb5212419ff0ad39c,c44eb13c5642daf65d048836bd7bae186ce770aa8508e9f368f3cdc8fe7eb2f8,2025,2025,192.0,25.0,200-299,Female,United States,No,Full-Time
badc26643122dcc9a04a2a4b60364509e6bec10512bed2e7b79b2a311bc579a0,b9ad8be6896c5bf2e3e72e773516d1d7911573c33e92e9b20544cb4f9b4ff13a,2025,2025,175.0,23.0,100-199,Female,United States,Yes,Full-Time
cc5e18ed341da8d7752516dc38582a48d7fa882e029aebc9ec73072bb2253dff,101776c41cd2dbbac39a0721e0a6543cace6154f90cebb6f81fe9023487b2520,2025,2025,103.0,60.0,300-399,Female,United States,DATA_EXPIRED,Full-Time
417b1fbb22bca163d790fa21da6488774a43b050fd88e8a2ed177d02cea76e28,bf717b718324d175a28000b02af82bcee0a92a5c8a79810cd3b568c7f10d1ca3,2025,2025,116.0,23.0,100-199,Female,United States,Yes,Full-Time
6c6f5ceb0a16d7879c3dabbc42e574ff4a2d9a4a5b80af5e33af7ed3f0725b30,aaa6f524430a151ba1346063fefcec7823ad279947861eb5b31ce4da9889eb92,2025,2025,131.0,37.0,700+,Male,United States,No,Other
8a13e44bc1750da3cc6cd156136a9cf704e409574aeb6b578669e08c5fc75580,d6b8f91f1ef8af43817f23dd88988f6e914ce0de8b386d748aa89d0434168f84,2025,2025,183.0,67.0,700+,Female,United States,No,Other
8ae62409d547f6ef7a147382b490f8a1f432b379ed11c6155fb8ba7497ff44c0,860b4f42915964f37f735d818db9e76ac1b1e138647cfe1bb7f05f8997d4c114,2025,2025,215.0,46.0,100-199,Female,United States,No,Part-Time
17882723e3358e34a94a87379429caea07a50a321ea48af81bd894123ec90d0c,0b7da5ccfe616e7f5e67317b7c5d23ca3f2f94012db4fb376dbdbd2236e29875,2025,2025,245.0,25.0,0-99,Female,United States,No,Other
d9ba31cda2734b39d1ebc3acf161014eb6c46a1405112f12040d41b131e32cc6,59dea5c3f2e3276aab6f50041b86f8e020c35d1c81db330d765202feb0dd6b4c,2025,2025,131.0,28.0,200-299,Male,United States,Yes,Full-Time
53354700e0e46965420d02532680a62c658d44742c733b82162e8df59bdc5acc,e2078bf3c954e9519fb5a096648bdf29381e55d316cf7e5eccc4a13b9a7e8f3a,2025,2025,142.0,28.0,0-99,Female,United States,No,Part-Time
15f406d109061524d60ebe7833026ea427ed350f4d6786043b63cb1564decf77,25e4de22c7be07fac1fd5bba45fcca7bcaa19580ba19d2670c747c62ae519595,2025,2025,226.0,28.0,0-99,Female,United States,Yes,Full-Time
a37eb3ad1bc63179e145b5d580d7d8a117acb4c8a42c00bb7ae602ebd45cf184,da338b6255829f37c0b15b3eb7305edf61ff79a55f4009646a21f15feee1f0e1,2025,2025,142.0,29.0,300-399,Female,United Kingdom,No,Full-Time
a26f9eee1440d0ecef8b6ad2b400950bd2fbc9340cd11716030a7a951822b034,b84da9244bc40253f8033bc91bb13f3c5081e69f45392c285bb267e08da2cc98,2025,2025,142.0,29.0,0-99,Female,United States,No,Full-Time
a025c4daa815cb3b117a915e2af6ecb88ddd254521b6091589bb0338341c9de0,42a8de8ef09691d7100970bdd46304a2f2e92b3b4eb526b617111e5db598f80d,2025,2025,251.0,46.0,700+,Male,United States,No,Full-Time
fd162d549551bf27062a2e7febe9ddad3ed6edee70c19a4423e6add2c00cda7b,d3c5b8e8974659d201e51e5f17d4679a3aa00884ece815d4ace340a4f7b63b4c,2025,2025,221.0,40.0,100-199,Female,United States,DATA_EXPIRED,Full-Time
5e7aee2c97607a063ab1d6c3c1e22ee69348390ccca46b4e3ad91376cc70a752,4d2636ad20c055a0424fc4b05384b67c0fddd7345505b86e42f37e936deadea9,2025,2025,90.0,65.0,700+,Male,United States,No,Full-Time
3839d1d77bd132fc1c1306834c5e4c9a6b1535a4fc618602b7fa3117ffedfd65,74cdd143e43b6f3acdefaab72f024f252daf345eea4ef641ec4418114fb420d0,2025,2025,117.0,32.0,100-199,Female,United States,DATA_EXPIRED,Full-Time
c2f466520d262a4ef1e3f2c311cfa362186ae5ec5c30fe38edbf0c75234ff619,6d6f55dea82199ee328964c762a064a24b41ffcacac1e2e7e9efcf064c9828e0,2025,2025,310.0,35.0,700+,Female,United States,No,Full-Time
f70e32cd5ec46d86b9fd76ee8f5a533bfe244e71205b51915cb73c2db4238346,aac87b1d9f02e48da0b94297f1353bec2c0057d8ca6e15616562b9303d3aec69,2025,2025,248.0,39.0,700+,Female,United States,No,Full-Time
37af8a4e68a5f8d143b01587b84e723bab8b063de8dd2d9a528dac0896591442,e0c7f7fdb941d16c191a2c26f534fa43364445ac13d977c415289f443db4a1d8,2025,2025,88.0,53.0,700+,Male,United States,No,Full-Time
f4a68544e785ea8ce216fd53379c1390c60459812441533f9d7d95a9d2d8956a,2ec6d46dd4fd933499847e83eb4d8322bca18d5440e8a5967652996718052950,2025,2025,149.0,60.0,700+,Male,United States,No,Other
e0791335a3831b8d984d4d3f90cdfde24865dbe300520b7fdbaaf117c9a7109c,0bf4a5b64f16f705af6ef63539257d40c83ca841ae98e786d8cab3a75d066510,2025,2025,226.0,36.0,700+,Female,United States,No,Full-Time
b633c5bc856fd5cba0299d212402348f72e80abfe333a3e12f10a9e00a09589e,a6be4ac159b038e6b53160afc668852bcc6da4cca25de4bae3aab83cc483ef78,2025,2025,158.0,43.0,500-599,Female,United States,No,Full-Time
0d6337be23b1d14bf87e043039e28e525c1bdcdfab4ab19aa14ccb8a0f3f30da,1bd40f32f179f589604b8c5ce7c98f245da1456225ba20692e14c9bc6a7124fb,2025,2025,310.0,33.0,100-199,Male,United States,No,Full-Time
0a4eca0dfe134b597ce53ac9b347282e639679048d9960f5673180b00393d460,844eb500254d91c59c46b13b4e2c9bb9c2bd487a3dfea1240570cee252a1b229,2025,2025,170.0,24.0,100-199,Female,United States,No,Full-Time
577b8629da4496a045b72c2982c5724e2bf13d66add32a1703aefd539c720aff,92a86e6b056b55bbd3bbc3fc39c928f2ce9fc470197eae84f49a7248b7b58e8c,2025,9999,,999.0,700+,CONSENT_REVOKED,CONSENT_REVOKED,CONSENT_REVOKED,Other
20852feb400e447caaf44710f7ceeb168c4fa40402aef8d02c14fd233c8fcc40,39a9136943f8a7886af88754707938890f970b883f9549819bf4c3315665c66a,2025,2025,281.0,30.0,200-299,Female,United States,No,Part-Time
ed90e3b6401fc24bf82797a19bc3811ee246010527e2dcfb17e475c1ee0e7002,d27032a0ed0d657ba02115d362b2663718d7cad6513481357a8c04fe6fe67dad,2025,2025,311.0,58.0,100-199,Male,United States,No,Full-Time
572b50523356654006dfb071444e05a8b2b94ffafe7fdc8c65fa0551123e34a3,6bed08570e64a871d7187ded22fee599cf3e8216c0b9b650670a049bb2bfffbe,2025,2025,179.0,37.0,600-699,Female,United States,Yes,Full-Time
00b8bc896af1cd527766190ea49b604ec91b1d6a6904e32987770553fac6bcf0,d1085bc24a7fe88b0d48a1501dbcd444ede1c0f1f134a5a05898a6bc84d7cf18,2025,2025,96.0,37.0,700+,Female,United States,No,Other
2fba486656981a1d9b2b0753642fab55e8c129e1473a8a86d61b1bf3ad1cc55e,0f3ded842c5efc1b216f93f3e3c21bdf53c0f03eb9d047b682515b559eb2b880,2025,2025,219.0,27.0,100-199,Male,United States,No,Full-Time
445b0cc1c03a322dce0ab855dbfc7f5eceebb2be641ae9ba90e841ee27e3e7ba,af444fbf978485752f02f6b2c60b0973747235bbc71a3e4331251a1250826863,2025,2025,152.0,39.0,700+,Female,United Kingdom,No,Full-Time
779dd48d3e76df6876c6b999f1709e2530e72b6b48dcb66b1646c18666aa8aa8,d62ab99472f5e49f89f4828b0ac93493b6f97704769997fc6cb506f7d17681d1,2025,2025,94.0,56.0,700+,Male,United States,No,Other
445c9e90a689ceabd54de10f04b1681492300918bbdb4be6031e946b42f23357,7f46795118cb1b4298784da138d49291cb3d0a15280330dcc1c43cfae11585ff,2025,2025,281.0,39.0,700+,Male,United States,No,Full-Time
bd52bfb14ac1c20fcfb49976843f253aae498a86d1ea5a1bea9a17c0fa44cbb6,ea228ecd4339c847eb4a789b4ac7017a1f574271f75a1a165ee0b9b69abbc3e9,2025,2025,262.0,37.0,300-399,Female,United States,No,Full-Time
80879cc99c395d252b2e0a9caeacb72a3c9c92401346a95b6f2394f526e34d22,62faa876fdb62afd705635c6e391f5a93c242a1f6847b955507f5621bfea46cf,2025,2025,132.0,23.0,300-399,Female,United States,No,Full-Time
1d4b37aa4ffc5741c61b50f6e5bc2b2a85a466abcf246fdc65736a4a2ffdf995,0a827ae922ec5f7f4102f6656fd65b754305a7f685c763f7671b7efecd52c21c,2025,2025,161.0,44.0,700+,Male,United States,No,Full-Time
ed3483414cea690e89a4ff8c81d03b621e8a014cc1588105a3220e0d226d0799,0e98b9447ac83b849168b2582a95ec835ec92738b5d0bc8c5bd647ac0275992c,2025,2025,525.0,38.0,700+,Male,United States,DATA_EXPIRED,Other
66796ed5edc1611b87f10dce7db401e6ee19efc85bdf0cc62ac226cbd715a657,721370b37fe5dcec328251fc066ada21bb9e17724420f9bc3392bce880fb2c32,2025,2025,87.0,75.0,700+,Female,United States,No,Other
4e552e6cf483b78bedb0a19f1f7c62245ea4b5c13d0031aee4ff00c12c2dc488,26ee872a08526d4a2c7861c94834961ae4b8938bd076f5c9641b5174f96efcc5,2025,2025,193.0,41.0,0-99,Male,United States,Yes,Full-Time
cd16e54527e944d073676cd2827df2b5180258ccb46f592983f7bbb7c34c05fa,7e07c11381eb8a3eba20e67e3e069a1fe3bb87a8671531b5c4d108660f78943b,2025,2025,272.0,56.0,100-199,Female,United States,No,Part-Time
31a08c514884f02380e28525e1a081e46e03de1dae5ef2d8a32656c43259c0f2,1668925157c24af79aa1c6caa81c5a1b6680925be98fd11c7748caffe8d543ce,2025,2025,164.0,56.0,200-299,Female,United States,No,Full-Time
174a33c60eb6eaf3a56f336fc309b758165727bf28f928f5cc6b40a3eb026f43,7e1ac38fbbf1d4004e219e08d0de00b86ddc951f6f6f58834e2c7905adce60f3,2025,2025,330.0,44.0,0-99,Female,United States,DATA_EXPIRED,Full-Time
7a5da59b262f7ca3e03ea5f081442e6f2a29c6771b6bc4e011eee9a37b2eda82,68bbc2f0221553d1ac73d56563e2bdf545ae7b0b4d408e8e386ee6903451b0b6,2025,2025,123.0,24.0,200-299,Female,United States,No,Full-Time
d0866ed3440a40ca024bf9f1260bd6228fe096561a9fe53bd06143a12fd6ca40,b8b17f3de56950d4fcbf08d353c0139b03d80c7cddc7614f746afeb11d0b7d64,2025,2025,178.0,22.0,700+,Male,United States,DATA_EXPIRED,Other
0af9f55ed46bb05b3f7ab96e5ca99f134e2a284087a989848de2e5d7fc51d5ae,eb5a8b5f7f424965c03f04042c0d95dd152657e2f46a2ffbb4db19b6e61d50a4,2025,2025,225.0,32.0,100-199,Male,United States,Yes,Part-Time
ed4e94baca9107f8f4661db72825555e3338ff5e06a04ba77da00b8e967a013c,4dd6a3edf9c4583b4846e3a7427d1ca43b0913ebce429eb6c69622085810073e,2025,2025,77.0,68.0,700+,Female,United States,No,Other
6c1f7b9408a6c8c8b196eb9af5f191efe3ec075fc5bb35c063805db56024eab3,b08df79ff4969c7b8cd08976873f21894166d48581efee96c130746ef5b67a8a,2025,2025,403.0,34.0,600-699,Male,United States,No,Full-Time
adddca692da84fcbff230cb9158b97dceccf00f7a73d29cc7168acbe68c80004,0486238caf742e26b9669e5c8a9723ea90a8abc0a68ddc2024daecf1a9a8a0e1,2025,2025,116.0,32.0,700+,Female,United States,No,Full-Time
ab01d0b9aeedd316a3034ac08c2a16c934f3bd7611bee80b1413d5cb6f1cc084,ec3fd47dbf258cb35c251773f3cde0870fcfa798317fde221c381998762f9427,2025,2025,215.0,43.0,700+,Male,United States,Yes,Full-Time
b38468a69a5ee69ee2464be59656b8b9a87a456941a04e65ed2a070262f28e24,5c07468e2ab3be9ffe8b1ae7df9c8a10e271d7317bb312ee2c96df6a374bc0f6,2025,2025,122.0,73.0,700+,Female,United States,DATA_EXPIRED,Part-Time
04c817240dd7f786ccf2020157aca34c23ef2c7d422a57e704cfb8187ce5ba6d,de5374e38167789ec180c825f27e5e12d0b8f03e8e1bb6bba16371f71a5879b0,2025,2025,248.0,35.0,700+,Female,United States,No,Full-Time
479a9d322078cab16888e3614f556dde19b5a5fd6ea06c0801ba9e7d086800e9,5a8c0b02b9d365b11c0f81576b54e778008687be9dc53a571b3b7ba18bd45b00,2025,2025,273.0,19.0,0-99,Female,United States,DATA_EXPIRED,Full-Time
